game_id,ugly_name,pretty_name
174430,gloomhaven,Gloomhaven
161936,pandemic-legacy-season-1,Pandemic Legacy: Season 1
182028,through-ages-new-story-civilization,Through the Ages: A New Story of Civilization
167791,terraforming-mars,Terraforming Mars
12333,twilight-struggle,Twilight Struggle
187645,star-wars-rebellion,Star Wars: Rebellion
169786,scythe,Scythe
220308,gaia-project,Gaia Project
193738,great-western-trail,Great Western Trail
120677,terra-mystica,Terra Mystica
233078,twilight-imperium-fourth-edition,Twilight Imperium (Fourth Edition)
115746,war-ring-second-edition,War of the Ring (Second Edition)
84876,castles-burgundy,The Castles of Burgundy
173346,7-wonders-duel,7 Wonders Duel
180263,7th-continent,The 7th Continent
162886,spirit-island,Spirit Island
3076,puerto-rico,Puerto Rico
205637,arkham-horror-card-game,Arkham Horror: The Card Game
183394,viticulture-essential-edition,Viticulture Essential Edition
124361,concordia,Concordia
102794,caverna-cave-farmers,Caverna: The Cave Farmers
224517,brass-birmingham,Brass: Birmingham
28720,brass-lancashire,Brass: Lancashire
31260,agricola,Agricola
96848,mage-knight-board-game,Mage Knight Board Game
205059,mansions-madness-second-edition,Mansions of Madness: Second Edition
164928,orleans,Orléans
170216,blood-rage,Blood Rage
175914,food-chain-magnate,Food Chain Magnate
177736,feast-odin,A Feast for Odin
209010,mechs-vs-minions,Mechs vs. Minions
55690,kingdom-death-monster,Kingdom Death: Monster
221107,pandemic-legacy-season-2,Pandemic Legacy: Season 2
164153,star-wars-imperial-assault,Star Wars: Imperial Assault
25613,through-ages-story-civilization,Through the Ages: A Story of Civilization
2651,power-grid,Power Grid
230802,azul,Azul
72125,eclipse,Eclipse
126163,tzolk-mayan-calendar,Tzolk'in: The Mayan Calendar
35677,le-havre,Le Havre
121921,robinson-crusoe-adventures-cursed-island,Robinson Crusoe: Adventures on the Cursed Island
171623,voyages-marco-polo,The Voyages of Marco Polo
124742,android-netrunner,Android: Netrunner
216132,clans-caledonia,Clans of Caledonia
68448,7-wonders,7 Wonders
122515,keyflower,Keyflower
18602,caylus,Caylus
28143,race-galaxy,Race for the Galaxy
62219,dominant-species,Dominant Species
205896,rising-sun,Rising Sun
159675,fields-arle,Fields of Arle
12493,twilight-imperium-third-edition,Twilight Imperium (Third Edition)
110327,lords-waterdeep,Lords of Waterdeep
146021,eldritch-horror,Eldritch Horror
157354,five-tribes,Five Tribes
178900,codenames,Codenames
93,el-grande,El Grande
185343,anachrony,Anachrony
40834,dominion-intrigue,Dominion: Intrigue
201808,clank-deck-building-adventure,Clank!: A Deck-Building Adventure
163412,patchwork,Patchwork
125153,gallerist,The Gallerist
172386,mombasa,Mombasa
37111,battlestar-galactica-board-game,Battlestar Galactica: The Board Game
146508,time-stories,T.I.M.E Stories
132531,roll-galaxy,Roll for the Galaxy
73439,troyes,Troyes
2511,sherlock-holmes-consulting-detective-thames-murder,Sherlock Holmes Consulting Detective: The Thames Murders & Other Cases
144733,russian-railroads,Russian Railroads
42,tigris-euphrates,Tigris & Euphrates
103885,star-wars-x-wing-miniatures-game,Star Wars: X-Wing Miniatures Game
102680,trajan,Trajan
150376,dead-winter-crossroads-game,Dead of Winter: A Crossroads Game
30549,pandemic,Pandemic
36218,dominion,Dominion
127023,kemet,Kemet
521,crokinole,Crokinole
237182,root,Root
198928,pandemic-iberia,Pandemic: Iberia
161533,lisboa,Lisboa
104162,descent-journeys-dark-second-edition,Descent: Journeys in the Dark (Second Edition)
34635,stone-age,Stone Age
175155,forbidden-stars,Forbidden Stars
161970,alchemists,Alchemists
194655,santorini,Santorini
9609,war-ring-first-edition,War of the Ring (First Edition)
146652,legendary-encounters-alien-deck-building-game,Legendary Encounters: An Alien Deck Building Game
200680,agricola-revised-edition,Agricola (Revised Edition)
147020,star-realms,Star Realms
155426,castles-mad-king-ludwig,Castles of Mad King Ludwig
196340,yokohama,Yokohama
103343,game-thrones-board-game-second-edition,A Game of Thrones: The Board Game (Second Edition)
148949,istanbul,Istanbul
170042,raiders-north-sea,Raiders of the North Sea
128882,resistance-avalon,The Resistance: Avalon
172287,champions-midgard,Champions of Midgard
14996,ticket-ride-europe,Ticket to Ride: Europe
70149,ora-et-labora,Ora et Labora
43111,chaos-old-world,Chaos in the Old World
182874,grand-austria-hotel,Grand Austria Hotel
17133,railways-world,Railways of the World
155068,arcadia-quest,Arcadia Quest
123260,suburbia,Suburbia
14105,commands-colors-ancients,Commands & Colors: Ancients
126042,nations,Nations
171131,captain-sonar,Captain Sonar
155821,inis,Inis
77423,lord-rings-card-game,The Lord of the Rings: The Card Game
21050,combat-commander-europe,Combat Commander: Europe
191189,aeons-end,Aeon's End
224037,codenames-duet,Codenames: Duet
39463,cosmic-encounter,Cosmic Encounter
91,paths-glory,Paths of Glory
54043,jaipur,Jaipur
10630,memoir-44,Memoir '44
195421,near-and-far,Near and Far
104006,village,Village
43015,hansa-teutonica,Hansa Teutonica
203993,lorenzo-il-magnifico,Lorenzo il Magnifico
9216,goa,Goa
31627,ticket-ride-nordic-countries,Ticket to Ride: Nordic Countries
221194,dinosaur-island,Dinosaur Island
4098,age-steam,Age of Steam
199561,sagrada,Sagrada
146886,la-granja,La Granja
148228,splendor,Splendor
215,tichu,Tichu
176189,zombicide-black-plague,Zombicide: Black Plague
27833,steam,Steam
188,go,Go
555,princes-florence,The Princes of Florence
233371,clank-space,Clank! In! Space!
129437,legendary-marvel-deck-building-game,Legendary: A Marvel Deck Building Game
128621,viticulture,Viticulture
9209,ticket-ride,Ticket to Ride
197376,charterstone,Charterstone
118048,targi,Targi
12,ra,Ra
20551,shogun,Shogun
175640,vinhos-deluxe-edition,Vinhos Deluxe Edition
25021,sekigahara-unification-japan,Sekigahara: The Unification of Japan
31481,galaxy-trucker,Galaxy Trucker
192135,too-many-bones,Too Many Bones
54998,cyclades,Cyclades
822,carcassonne,Carcassonne
154203,imperial-settlers,Imperial Settlers
188920,war-mine-board-game,This War of Mine: The Board Game
463,magic-gathering,Magic: The Gathering
7854,yinsh,YINSH
163068,trickerion-legends-illusion,Trickerion: Legends of Illusion
192291,sushi-go-party,Sushi Go Party!
24181,imperial,Imperial
182631,star-realms-colony-wars,Star Realms: Colony Wars
236457,architects-west-kingdom,Architects of the West Kingdom
97207,dungeon-petz,Dungeon Petz
140620,lewis-clark,Lewis & Clark
22545,age-empires-iii-age-discovery,Age of Empires III: The Age of Discovery
19857,glory-rome,Glory to Rome
155873,power-grid-deluxe-europenorth-america,Power Grid Deluxe: Europe/North America
234,hannibal-rome-vs-carthage,Hannibal: Rome vs. Carthage
156129,deception-murder-hong-kong,Deception: Murder in Hong Kong
176494,isle-skye-chieftain-king,Isle of Skye: From Chieftain to King
27708,1960-making-president,1960: The Making of the President
146439,battlelore-second-edition,BattleLore (Second Edition)
93260,summoner-wars-master-set,Summoner Wars: Master Set
127060,bora-bora,Bora Bora
59294,runewars,Runewars
82222,xia-legends-drift-system,Xia: Legends of a Drift System
198994,hero-realms,Hero Realms
193037,dead-winter-long-night,Dead of Winter: The Long Night
38453,space-alert,Space Alert
108745,seasons,Seasons
421,1830-railways-robber-barons,1830: Railways & Robber Barons
203420,exit-game-abandoned-cabin,Exit: The Game – The Abandoned Cabin
101721,mage-wars-arena,Mage Wars Arena
48726,alien-frontiers,Alien Frontiers
92828,dixit-odyssey,Dixit: Odyssey
188834,secret-hitler,Secret Hitler
66589,navegador,Navegador
172818,above-and-below,Above and Below
181304,mysterium,Mysterium
3,samurai,Samurai
181279,fury-dracula-thirdfourth-edition,Fury of Dracula (third/fourth edition)
54138,imperial-2030,Imperial 2030
109276,kanban-drivers-edition,Kanban: Driver's Edition
233398,endeavor-age-sail,Endeavor: Age of Sail
229853,teotihuacan-city-gods,Teotihuacan: City of Gods
17392,here-i-stand,Here I Stand
760,battle-line,Battle Line
19777,indonesia,Indonesia
77130,sid-meiers-civilization-board-game,Sid Meier's Civilization: The Board Game
239188,chronicles-crime,Chronicles of Crime
204583,kingdomino,Kingdomino
13122,antiquity,Antiquity
199792,everdell,Everdell
160477,onitama,Onitama
41114,resistance,The Resistance
45315,dungeon-lords,Dungeon Lords
172081,burgle-bros,Burgle Bros.
59959,letters-whitechapel,Letters from Whitechapel
40692,small-world,Small World
144344,rococo,Rococo
220877,rajas-ganges,Rajas of the Ganges
119890,agricola-all-creatures-big-and-small,Agricola: All Creatures Big and Small
163745,star-wars-armada,Star Wars: Armada
225694,decrypto,Decrypto
176734,manhattan-project-energy-empire,The Manhattan Project: Energy Empire
176920,mission-red-planet-second-edition,Mission: Red Planet (Second Edition)
2655,hive,Hive
1,die-macher,Die Macher
39856,dixit,Dixit
37046,ghost-stories,Ghost Stories
25292,merchants-marauders,Merchants & Marauders
136888,bruges,Bruges
118,modern-art,Modern Art
257501,keyforge-call-archons,KeyForge: Call of the Archons
143693,glass-road,Glass Road
54,tikal,Tikal
5,acquire,Acquire
209685,century-spice-road,Century: Spice Road
36932,claustrophobia,Claustrophobia
33160,endeavor,Endeavor
21241,neuroshima-hex-30,Neuroshima Hex! 3.0
15985,blood-bowl-living-rulebook,Blood Bowl: Living Rulebook
70919,takenoko,Takenoko
206718,ethnos,Ethnos
199478,flamme-rouge,Flamme Rouge
46213,telestrations,Telestrations
243,advanced-squad-leader,Advanced Squad Leader
129622,love-letter,Love Letter
25554,notre-dame,Notre Dame
40765,clash-cultures,Clash of Cultures
182134,evolution-climate,Evolution: Climate
31594,year-dragon,In the Year of the Dragon
163967,tiny-epic-galaxies,Tiny Epic Galaxies
169426,roll-player,Roll Player
233867,welcome,Welcome To...
123123,battlecon-devastation-indines,BattleCON: Devastation of Indines
139976,cthulhu-wars,Cthulhu Wars
63628,manhattan-project,The Manhattan Project
198773,codenames-pictures,Codenames: Pictures
124708,mice-and-mystics,Mice and Mystics
121,dune,Dune
189932,tyrants-underdark,Tyrants of the Underdark
71,civilization,Civilization
8217,san-juan,San Juan
158600,hanamikoji,Hanamikoji
2653,survive-escape-atlantis,Survive: Escape from Atlantis!
24480,pillars-earth,The Pillars of the Earth
54625,space-hulk-third-edition,Space Hulk (third edition)
70323,king-tokyo,King of Tokyo
9217,saint-petersburg,Saint Petersburg
245638,coimbra,Coimbra
228341,pulsar-2849,Pulsar 2849
21348,ticket-ride-marklin,Ticket to Ride: Märklin
39683,gates-loyang,At the Gates of Loyang
90137,blood-bowl-team-manager-card-game,Blood Bowl: Team Manager – The Card Game
144592,bruxelles-1893,Bruxelles 1893
15987,arkham-horror,Arkham Horror
55670,macao,Macao
154809,nippon,Nippon
105134,risk-legacy,Risk Legacy
244522,s-pretty-clever,That's Pretty Clever
79828,few-acres-snow,A Few Acres of Snow
66188,fresco,Fresco
96913,lancaster,Lancaster
172,sale,For Sale
199042,harry-potter-hogwarts-battle,Harry Potter: Hogwarts Battle
40354,maria,Maria
232832,century-golem-edition,Century: Golem Edition
100901,flash-point-fire-rescue,Flash Point: Fire Rescue
176396,quadropolis,Quadropolis
66362,glen-more,Glen More
192458,51st-state-master-set,51st State: Master Set
157969,sheriff-nottingham,Sheriff of Nottingham
25417,battlelore,BattleLore
18833,lord-rings-confrontation,Lord of the Rings: The Confrontation
712,blood-bowl-third-edition,Blood Bowl (Third Edition)
166669,san-juan-second-edition,San Juan (second edition)
151347,millennium-blades,Millennium Blades
128996,1775-rebellion,1775: Rebellion
5404,amun-re,Amun-Re
11170,heroscape-master-set-rise-valkyrie,Heroscape Master Set: Rise of the Valkyrie
183562,star-wars-x-wing-miniatures-game-force-awakens-cor,Star Wars: X-Wing Miniatures Game – The Force Awakens Core Set
83330,mansions-madness,Mansions of Madness
27162,kingsburg,Kingsburg
150658,pandemic-cure,Pandemic: The Cure
136063,forbidden-desert,Forbidden Desert
222509,lords-hellas,Lords of Hellas
138161,firefly-game,Firefly: The Game
146791,shadows-brimstone-city-ancients,Shadows of Brimstone: City of the Ancients
204305,sherlock-holmes-consulting-detective-jack-ripper-w,Sherlock Holmes Consulting Detective: Jack the Ripper & West End Adventures
137408,amerigo,Amerigo
65781,london-first-edition,London (first edition)
17226,descent-journeys-dark,Descent: Journeys in the Dark
217372,quest-el-dorado,The Quest for El Dorado
140934,arboretum,Arboretum
63888,innovation,Innovation
875,roads-boats,Roads & Boats
128671,spartacus-game-blood-treachery,Spartacus: A Game of Blood & Treachery
50,lost-cities,Lost Cities
102652,sentinels-multiverse,Sentinels of the Multiverse
161614,stockpile,Stockpile
171668,grizzled,The Grizzled
98778,hanabi,Hanabi
105551,archipelago,Archipelago
227789,heaven-ale,Heaven & Ale
147949,one-night-ultimate-werewolf,One Night Ultimate Werewolf
34219,biblios,Biblios
234487,altiplano,Altiplano
58421,egizia,Egizia
186751,mythic-battles-pantheon,Mythic Battles: Pantheon
13,catan,Catan
194594,dice-forge,Dice Forge
111341,great-zimbabwe,The Great Zimbabwe
177639,raptor,Raptor
73171,earth-reborn,Earth Reborn
97786,small-world-underground,Small World Underground
133038,pathfinder-adventure-card-game-rise-runelords-base,Pathfinder Adventure Card Game: Rise of the Runelords – Base Set
95527,madeira,Madeira
62227,labyrinth-war-terror-2001,"Labyrinth: The War on Terror, 2001 – ?"
62222,commands-colors-napoleonics,Commands & Colors: Napoleonics
219513,barenpark,Bärenpark
36553,times-title-recall,Time's Up! Title Recall!
192153,pandemic-reign-cthulhu,Pandemic: Reign of Cthulhu
127398,legends-andor,Legends of Andor
223321,detective-modern-crime-board-game,Detective: A Modern Crime Board Game
162082,deus,Deus
218417,aeons-end-war-eternal,Aeon's End: War Eternal
158899,colt-express,Colt Express
218603,photosynthesis,Photosynthesis
205359,star-wars-destiny,Star Wars: Destiny
195539,godfather-corleones-empire,The Godfather: Corleone's Empire
266192,wingspan,Wingspan
42052,vinhos,Vinhos
90419,airlines-europe,Airlines Europe
43570,friday,Friday
206941,first-class-all-aboard-orient-express,First Class: All Aboard the Orient Express!
150,pitchcar,PitchCar
133848,euphoria-build-better-dystopia,Euphoria: Build a Better Dystopia
125618,libertalia,Libertalia
155987,abyss,Abyss
119506,freedom-underground-railroad,Freedom: The Underground Railroad
27173,vikings,Vikings
3685,hammer-scots,Hammer of the Scots
475,taj-mahal,Taj Mahal
15062,shadows-over-camelot,Shadows over Camelot
163968,elysium,Elysium
169255,game-thrones-card-game-second-edition,A Game of Thrones: The Card Game (Second Edition)
128271,ginkgopolis,Ginkgopolis
141572,paperback,Paperback
478,citadels,Citadels
34119,tales-arabian-nights,Tales of the Arabian Nights
160010,conan,Conan
209778,magic-maze,Magic Maze
6472,game-thrones-first-edition,A Game of Thrones (First Edition)
9674,ingenious,Ingenious
31999,tzaar,TZAAR
39351,automobile,Automobile
192836,colonists,The Colonists
155703,evolution,Evolution
97842,last-will,Last Will
140603,francis-drake,Francis Drake
191862,imhotep,Imhotep
18,roborally,RoboRally
229220,santa-maria,Santa Maria
21790,thurn-and-taxis,Thurn and Taxis
22827,starcraft-board-game,StarCraft: The Board Game
15363,nexus-ops,Nexus Ops
39938,carson-city,Carson City
1513,republic-rome,The Republic of Rome
116998,thunderstone-advance-towers-ruin,Thunderstone Advance: Towers of Ruin
27746,colosseum,Colosseum
20437,lords-vegas,Lords of Vegas
133473,sushi-go,Sushi Go!
113924,zombicide,Zombicide
372,schotten-totten,Schotten Totten
9625,struggle-empires,Struggle of Empires
47,chinatown,Chinatown
119432,snowdonia,Snowdonia
2346,dvonn,DVONN
194607,mystic-vale,Mystic Vale
42776,gears-war-board-game,Gears of War: The Board Game
31730,chicago-express,Chicago Express
159508,aquasphere,AquaSphere
3307,wallenstein-first-edition,Wallenstein (first edition)
11,bohnanza,Bohnanza
143519,quantum,Quantum
151022,baseball-highlights-2045,Baseball Highlights: 2045
170771,sword-sorcery,Sword & Sorcery
167355,nemesis,Nemesis
128780,pax-porfiriana,Pax Porfiriana
150997,shadows-brimstone-swamps-death,Shadows of Brimstone: Swamps of Death
50750,belfort,Belfort
174785,mare-nostrum-empires,Mare Nostrum: Empires
165722,klask,KLASK
183251,karuba,Karuba
187617,nemos-war-second-edition,Nemo's War (second edition)
181521,warhammer-quest-adventure-card-game,Warhammer Quest: The Adventure Card Game
163166,one-night-ultimate-werewolf-daybreak,One Night Ultimate Werewolf Daybreak
153938,camel,Camel Up
58281,summoner-wars,Summoner Wars
180974,potion-explosion,Potion Explosion
121408,trains,Trains
92415,skull,Skull
232043,queendomino,Queendomino
12942,no-thanks,No Thanks!
134726,smash-awesome-level-9000,Smash Up: Awesome Level 9000
181530,runebound-third-edition,Runebound (Third Edition)
30869,thebes,Thebes
135219,battle-five-armies,The Battle of Five Armies
121288,dixit-journey,Dixit: Journey
193042,junk-art,Junk Art
65532,defenders-realm,Defenders of the Realm
156009,port-royal,Port Royal
172308,broom-service,Broom Service
42215,tobago,Tobago
6249,alhambra,Alhambra
144797,argent-consortium,Argent: The Consortium
91312,discworld-ankh-morpork,Discworld: Ankh-Morpork
131357,coup,Coup
4390,carcassonne-hunters-and-gatherers,Carcassonne: Hunters and Gatherers
156546,monikers,Monikers
221965,fox-forest,The Fox in the Forest
171,chess,Chess
130960,triumph-tragedy,Triumph & Tragedy
586,front,Up Front
144189,fire-lake,Fire in the Lake
1353,times,Time's Up!
160495,zhanguo,ZhanGuo
192457,cry-havoc,Cry Havoc
70512,luna,Luna
28023,jamaica,Jamaica
88,torres,Torres
24508,taluva,Taluva
155624,specter-ops,Specter Ops
167400,ashes-rise-phoenixborn,Ashes: Rise of the Phoenixborn
20963,fury-dracula-second-edition,Fury of Dracula (Second Edition)
232405,western-legends,Western Legends
36235,duke,The Duke
3201,lord-rings-confrontation,Lord of the Rings: The Confrontation
30380,cuba,Cuba
18098,napoleons-triumph,Napoleon's Triumph
503,through-desert,Through the Desert
21763,mr-jack,Mr. Jack
126792,myrmes,Myrmes
215311,downforce,Downforce
9823,advanced-squad-leader-starter-kit-1,Advanced Squad Leader: Starter Kit #1
24800,conflict-heroes-awakening-bear-russia-1941-42,Conflict of Heroes: Awakening the Bear! – Russia 1941-42
113294,escape-curse-temple,Escape: The Curse of the Temple
180511,shakespeare,Shakespeare
10547,betrayal-house-hill,Betrayal at House on the Hill
15364,vegas-showdown,Vegas Showdown
84419,space-empires-4x,Space Empires: 4X
79127,star-trek-fleet-captains,Star Trek: Fleet Captains
184921,bunny-kingdom,Bunny Kingdom
37904,formula-d,Formula D
162007,steampunk-rally,Steampunk Rally
26997,1989-dawn-freedom,1989: Dawn of Freedom
68425,eminent-domain,Eminent Domain
38996,washingtons-war,Washington's War
123540,tokaido,Tokaido
166384,spyfall,Spyfall
137988,zombicide-season-2-prison-outbreak,Zombicide Season 2: Prison Outbreak
113997,tajemnicze-domostwo,Tajemnicze Domostwo
17405,1846-race-midwest,1846: The Race for the Midwest
2163,space-hulk,Space Hulk
168584,love-letter-batman,Love Letter: Batman
158889,summoner-wars-alliances-master-set,Summoner Wars: Alliances Master Set
31563,middle-earth-quest,Middle-Earth Quest
110277,among-stars,Among the Stars
203416,exit-game-pharaohs-tomb,Exit: The Game – The Pharaoh's Tomb
55600,shipyard,Shipyard
46,medici,Medici
13004,downfall-pompeii,The Downfall of Pompeii
212445,blood-bowl-2016-edition,Blood Bowl (2016 edition)
179803,arcadia-quest-inferno,Arcadia Quest: Inferno
160499,king-new-york,King of New York
22345,yspahan,Yspahan
250458,gugng,Gùgōng
107529,kingdom-builder,Kingdom Builder
117959,las-vegas,Las Vegas
73761,k2,K2
236191,london-second-edition,London (second edition)
41002,vasco-da-gama,Vasco da Gama
148575,marvel-dice-masters-avengers-vs-x-men,Marvel Dice Masters: Avengers vs. X-Men
100423,elder-sign,Elder Sign
111799,cuba-libre,Cuba Libre
146278,tash-kalar-arena-legends,Tash-Kalar: Arena of Legends
43528,world-without-end,World Without End
143741,bang-dice-game,BANG! The Dice Game
82421,summoner-wars-phoenix-elves-vs-tundra-orcs,Summoner Wars: Phoenix Elves vs Tundra Orcs
117915,yedo,Yedo
47185,warhammer-invasion,Warhammer: Invasion
143515,coal-baron,Coal Baron
5782,coloretto,Coloretto
173442,empires-age-discovery,Empires: Age of Discovery
28181,combat-commander-pacific,Combat Commander: Pacific
196326,love-letter-premium,Love Letter Premium
29603,d-day-omaha-beach,D-Day at Omaha Beach
162286,super-motherload,Super Motherload
41066,virgin-queen,Virgin Queen
156336,onirim-second-edition,Onirim (second edition)
82420,summoner-wars-guild-dwarves-vs-cave-goblins,Summoner Wars: Guild Dwarves vs Cave Goblins
168435,between-two-cities,Between Two Cities
103886,star-wars-card-game,Star Wars: The Card Game
139898,brew-crafters,Brew Crafters
35570,tinners-trail,Tinners' Trail
131287,panamax,Panamax
91872,dungeons-dragons-legend-drizzt-board-game,Dungeons & Dragons: The Legend of Drizzt Board Game
170416,vast-crystal-caverns,Vast: The Crystal Caverns
205398,citadels,Citadels
132018,churchill,Churchill
171499,cacao,Cacao
156689,legendary-villains-marvel-deck-building-game,Legendary: Villains – A Marvel Deck Building Game
209418,dominion-second-edition,Dominion (Second Edition)
30957,tribune-primus-inter-pares,Tribune: Primus Inter Pares
156943,saint-petersburg-second-edition,Saint Petersburg (second edition)
132028,conflict-heroes-awakening-bear-second-edition,Conflict of Heroes: Awakening the Bear! (second edition)
12891,friedrich,Friedrich
94,union-pacific,Union Pacific
179275,one-deck-dungeon,One Deck Dungeon
177590,13-days-cuban-missile-crisis,13 Days: The Cuban Missile Crisis
193558,oracle-delphi,The Oracle of Delphi
224597,warhammer-underworlds-shadespire,Warhammer Underworlds: Shadespire
203417,exit-game-secret-lab,Exit: The Game – The Secret Lab
1035,squad-leader,Squad Leader
65901,age-industry,Age of Industry
528,zertz,ZÈRTZ
213893,yamatai,Yamataï
7717,carcassonne-castle,Carcassonne: The Castle
483,diplomacy,Diplomacy
69789,ascension-deckbuilding-game,Ascension: Deckbuilding Game
137269,spyrium,Spyrium
2955,mexica,Mexica
12002,jambo,Jambo
151004,smash-science-fiction-double-feature,Smash Up: Science Fiction Double Feature
200147,kanagawa,Kanagawa
215341,thunderstone-quest,Thunderstone Quest
170561,valeria-card-kingdoms,Valeria: Card Kingdoms
21882,blue-moon-city,Blue Moon City
72321,networks,The Networks
20100,wits-wagers,Wits & Wagers
12962,reef-encounter,Reef Encounter
2181,bridge,Bridge
163602,xcom-board-game,XCOM: The Board Game
27976,heroscape-master-set-swarm-marro,Heroscape Master Set: Swarm of the Marro
169654,deep-sea-adventure,Deep Sea Adventure
198953,pax-renaissance,Pax Renaissance
154825,arkwright,Arkwright
156858,black-orchestra,Black Orchestra
71721,space-hulk-death-angel-card-game,Space Hulk: Death Angel – The Card Game
158275,marvel-dice-masters-uncanny-x-men,Marvel Dice Masters: Uncanny X-Men
165401,wir-sind-das-volk,Wir sind das Volk!
26566,homesteaders,Homesteaders
244521,quacks-quedlinburg,The Quacks of Quedlinburg
1345,genoa,Genoa
12902,carcassonne-city,Carcassonne: The City
40628,finca,Finca
2453,blokus,Blokus
155362,cah-n-guns-second-edition,Ca$h 'n Guns (Second Edition)
699,heroquest,HeroQuest
153016,telestrations-12-player-party-pack,Telestrations: 12 Player Party Pack
9440,maharaja-game-palace-building-india,Maharaja: The Game of Palace Building in India
156566,lords-xidit,Lords of Xidit
256226,azul-stained-glass-sintra,Azul: Stained Glass of Sintra
244992,mind,The Mind
119788,hyperborea,Hyperborea
69779,polis-fight-hegemony,Polis: Fight for the Hegemony
171273,fuse,FUSE
148319,tragedy-looper,Tragedy Looper
242574,century-eastern-wonders,Century: Eastern Wonders
145659,scoville,Scoville
233312,stuffed-fables,Stuffed Fables
1041,san-marco,San Marco
491,web-power,Web of Power
202408,adrenaline,Adrenaline
246192,gizmos,Gizmos
161417,red7,Red7
98351,core-worlds,Core Worlds
53953,thunderstone,Thunderstone
201921,tiny-epic-quest,Tiny Epic Quest
220520,caverna-cave-vs-cave,Caverna: Cave vs Cave
108784,ascension-storm-souls,Ascension: Storm of Souls
8125,santiago,Santiago
2398,cribbage,Cribbage
13642,louis-xiv,Louis XIV
72225,co,CO₂
52461,legacy-testament-duke-de-crecy,Legacy: The Testament of Duke de Crecy
129948,palaces-carrara,The Palaces of Carrara
66356,dungeons-dragons-wrath-ashardalon-board-game,Dungeons & Dragons: Wrath of Ashardalon Board Game
29368,last-night-earth-zombie-game,Last Night on Earth: The Zombie Game
169124,flick-em,Flick 'em Up!
108906,thunder-alley,Thunder Alley
106217,hawaii,Hawaii
240,britannia,Britannia
234277,nusfjord,Nusfjord
194879,not-alone,Not Alone
232219,dragon-castle,Dragon Castle
45,liars-dice,Liar's Dice
26990,container,Container
174570,legendary-encounters-predator-deck-building-game,Legendary Encounters: A Predator Deck Building Game
432,6-nimmt,6 nimmt!
939,star-wars-queens-gambit,Star Wars: The Queen's Gambit
51,ricochet-robots,Ricochet Robots
191977,castles-burgundy-card-game,The Castles of Burgundy: The Card Game
85897,thunderstone-dragonspire,Thunderstone: Dragonspire
193949,star-trek-ascendancy,Star Trek: Ascendancy
89409,battlecon-war-indines,BattleCON: War of Indines
37380,roll-through-ages-bronze-age,Roll Through the Ages: The Bronze Age
183840,oh-my-goods,Oh My Goods!
154458,akrotiri,Akrotiri
191051,outlive,Outlive
173064,leaving-earth,Leaving Earth
95064,ascension-return-fallen,Ascension: Return of the Fallen
160851,lanterns-harvest-festival,Lanterns: The Harvest Festival
8051,attika,Attika
147151,concept,Concept
175117,celestia,Celestia
201825,ex-libris,Ex Libris
904,dream-factory,Dream Factory
173,formula-de,Formula Dé
19600,antike,Antike
554,la-citta,La Città
122298,morels,Morels
65244,forbidden-island,Forbidden Island
30645,tammany-hall,Tammany Hall
171669,discoveries,Discoveries
45986,stronghold,Stronghold
172047,others,The Others
16747,tumblin-dice,Tumblin-Dice
98229,pictomania,Pictomania
168917,smash-pretty-pretty-smash,Smash Up: Pretty Pretty Smash Up
131646,merchant-venus-second-edition,Merchant of Venus (second edition)
1301,netrunner,Netrunner
244228,reef,Reef
160018,smash-monster-smash,Smash Up: Monster Smash
38054,snow-tails,Snow Tails
177678,signorie,Signorie
161866,zombicide-season-3-rue-morgue,Zombicide Season 3: Rue Morgue
203427,fabled-fruit,Fabled Fruit
27588,zooloretto,Zooloretto
104363,rex-final-days-empire,Rex: Final Days of an Empire
66505,speicherstadt,The Speicherstadt
224710,zombicide-green-horde,Zombicide: Green Horde
91514,rhino-hero,Rhino Hero
1822,wilderness-war,Wilderness War
216734,dice-throne-season-one,Dice Throne: Season One
180680,automobiles,Automobiles
15512,diamant,Diamant
22825,tide-iron,Tide of Iron
224,history-world,History of the World
104710,wiz-war-eighth-edition,Wiz-War (eighth edition)
158435,dogs-war,Dogs of War
202426,sidereal-confluence-trading-and-negotiation-elysia,Sidereal Confluence: Trading and Negotiation in the Elysian Quadrant
200077,mint-works,Mint Works
72287,mr-jack-pocket,Mr. Jack Pocket
197443,fugitive,Fugitive
8045,princes-renaissance,Princes of the Renaissance
179172,unfair,Unfair
60,vinci,Vinci
141517,study-emerald,A Study in Emerald
67492,battles-westeros,Battles of Westeros
165838,space-hulk-fourth-edition,Space Hulk (fourth edition)
59946,dungeons-dragons-castle-ravenloft-board-game,Dungeons & Dragons: Castle Ravenloft Board Game
2093,mahjong,Mahjong
156776,warhammer-40000-conquest,"Warhammer 40,000: Conquest"
55427,mr-jack-new-york,Mr. Jack in New York
41,cant-stop,Can't Stop
15817,manila,Manila
207830,5-minute-dungeon,5-Minute Dungeon
204027,cottage-garden,Cottage Garden
181687,pursuit-happiness,The Pursuit of Happiness
246784,cryptid,Cryptid
135382,shadowrun-crossfire,Shadowrun: Crossfire
150999,valley-kings,Valley of the Kings
233247,sid-meiers-civilization-new-dawn,Sid Meier's Civilization: A New Dawn
551,battle-cry,Battle Cry
157403,black-fleet,Black Fleet
195137,catacombs-third-edition,Catacombs (third edition)
178336,worlds-fair-1893,World's Fair 1893
197070,massive-darkness,Massive Darkness
220,high-society,High Society
38823,conflict-heroes-storms-steel-kursk-1943,Conflict of Heroes: Storms of Steel! – Kursk 1943
136991,loony-quest,Loony Quest
25568,metropolys,Metropolys
66056,rivals-catan,Rivals for Catan
18100,china,China
122522,smash,Smash Up
171233,big-book-madness,The Big Book of Madness
97903,terror-meeple-city,Terror in Meeple City
195560,wasteland-express-delivery-service,Wasteland Express Delivery Service
131260,qwixx,Qwixx
242302,space-base,Space Base
50768,ninjato,Ninjato
68264,no-retreat-russian-front,No Retreat! The Russian Front
94246,1812-invasion-canada,1812: The Invasion of Canada
127518,distant-plain,A Distant Plain
137649,level-7-omega-protocol,Level 7 [Omega Protocol]
25669,qwirkle,Qwirkle
185589,islebound,Islebound
191231,nebula,Via Nebula
154086,gold-west,Gold West
1465,wizard,Wizard
5737,domaine,Domaine
17396,manoeuvre,Manoeuvre
1382,winners-circle,Winner's Circle
152162,diamonds,Diamonds
35497,fauna,Fauna
71671,yggdrasil,Yggdrasil
6830,zendo,Zendo
207691,railroad-revolution,Railroad Revolution
56692,parade,Parade
142326,eight-minute-empire-legends,Eight-Minute Empire: Legends
125678,dc-comics-deck-building-game,DC Comics Deck-Building Game
180593,bloody-inn,The Bloody Inn
164265,witness,Witness
8203,hey-s-my-fish,"Hey, That's My Fish!"
130176,tales-games-hare-tortoise,Tales & Games: The Hare & the Tortoise
244711,newton,Newton
104020,vanuatu,Vanuatu
183880,risk-star-wars-edition,Risk: Star Wars Edition
1634,warhammer-quest,Warhammer Quest
151007,pathfinder-adventure-card-game-skull-shackles-base,Pathfinder Adventure Card Game: Skull & Shackles – Base Set
159473,quartermaster-general,Quartermaster General
175324,fog-love,Fog of Love
27364,caylus-magna-carta,Caylus Magna Carta
216459,lost-expedition,The Lost Expedition
121410,steam-park,Steam Park
157809,nations-dice-game,Nations: The Dice Game
156091,sons-anarchy-men-mayhem,Sons of Anarchy: Men of Mayhem
91536,quarriors,Quarriors!
184151,legend-five-rings-card-game,Legend of the Five Rings: The Card Game
35052,axis-allies-anniversary-edition,Axis & Allies Anniversary Edition
124,primordial-soup,Primordial Soup
34084,witchs-brew,Witch's Brew
230080,majesty-realm,Majesty: For the Realm
221,ikusa,Ikusa
153065,linko,Linko!
327,loopin-louie,Loopin' Louie
23094,planet-steam,Planet Steam
197405,tak,Tak
44163,power-grid-factory-manager,Power Grid: Factory Manager
823,lord-rings,Lord of the Rings
1608,ambush,Ambush!
21523,runebound-second-edition,Runebound (Second Edition)
42910,peloponnes,Peloponnes
207336,honshu,Honshū
157001,trains-rising-sun,Trains: Rising Sun
182340,star-trek-frontiers,Star Trek: Frontiers
204516,878-vikings-invasions-england,878: Vikings – Invasions of England
37628,haggis,Haggis
833,people,For the People
57390,catacombs,Catacombs
38159,ultimate-werewolf-ultimate-edition,Ultimate Werewolf: Ultimate Edition
121297,fleet,Fleet
200954,fields-green,Fields of Green
217449,nmbr-9,NMBR 9
75449,firenze,Firenze
40793,dice-town,Dice Town
30381,hamburgum,Hamburgum
4099,keythedral,Keythedral
30618,eat-poop-you-cat,Eat Poop You Cat
247763,underwater-cities,Underwater Cities
8989,hansa,Hansa
176544,automania,Automania
140933,blueprints,Blueprints
230,merchant-venus,Merchant of Venus
91873,strasbourg,Strasbourg
2507,liberte,Liberté
19100,hacienda,Hacienda
39953,game-thrones-card-game,A Game of Thrones: The Card Game
154246,la-isla,La Isla
24068,shadow-hunters,Shadow Hunters
134352,two-rooms-and-boom,Two Rooms and a Boom
17329,animal-upon-animal,Animal Upon Animal
18258,mission-red-planet,Mission: Red Planet
53093,heroes-normandie,Heroes of Normandie
123955,thunderbolt-apache-leader,Thunderbolt Apache Leader
95103,fortune-and-glory-cliffhanger-game,Fortune and Glory: The Cliffhanger Game
193214,meeple-circus,Meeple Circus
132372,guildhall,Guildhall
60435,rallyman,Rallyman
177524,icecool,ICECOOL
234671,pandemic-rising-tide,Pandemic: Rising Tide
164338,golden-ages,The Golden Ages
157526,viceroy,Viceroy
37836,julius-caesar,Julius Caesar
145639,coconuts,Coconuts
176165,dale-merchants,Dale of Merchants
855,java,Java
187377,vikings-gone-wild,Vikings Gone Wild
147303,carcassonne-south-seas,Carcassonne: South Seas
527,gipf,GIPF
218333,rhino-hero-super-battle,Rhino Hero: Super Battle
25643,arkadia,Arkadia
135779,fake-artist-goes-new-york,A Fake Artist Goes to New York
175199,mottainai,Mottainai
278,catan-card-game,Catan Card Game
174660,new-york-1901,New York 1901
1261,medina,Medina
194880,dream-home,Dream Home
182694,watson-holmes,Watson & Holmes
212402,grimm-forest,The Grimm Forest
13823,fairy-tale,Fairy Tale
11825,empire-sun,Empire of the Sun
163154,falling-sky-gallic-revolt-against-caesar,Falling Sky: The Gallic Revolt Against Caesar
91080,andean-abyss,Andean Abyss
35815,touch-evil-supernatural-game,A Touch of Evil: The Supernatural Game
223953,kitchen-rush,Kitchen Rush
198454,when-i-dream,When I Dream
204836,escape-room-game,Escape Room: The Game
25821,werewolves-millers-hollow,The Werewolves of Miller's Hollow
22141,cleopatra-and-society-architects,Cleopatra and the Society of Architects
245934,carpe-diem,Carpe Diem
177802,smash-its-your-fault,Smash Up: It's Your Fault!
105,colossal-arena,Colossal Arena
112,condottiere,Condottiere
111124,dark-moon,Dark Moon
143884,machi-koro,Machi Koro
152470,fief-france-1429,Fief: France 1429
171879,kraftwagen,Kraftwagen
16992,tsuro,Tsuro
216092,unlock-squeek-sausage,Unlock! Squeek & Sausage
104347,santiago-de-cuba,Santiago de Cuba
15126,advanced-squad-leader-starter-kit-2,Advanced Squad Leader: Starter Kit #2
12995,dungeon-twister,Dungeon Twister
202670,ticket-ride-rails-sails,Ticket to Ride: Rails & Sails
257499,arkham-horror-third-edition,Arkham Horror (Third Edition)
119591,rialto,Rialto
131014,carcassonne-winter-edition,Carcassonne: Winter Edition
137297,rise-augustus,Rise of Augustus
12495,fire-axe-viking-saga,Fire & Axe: A Viking Saga
1159,evo,Evo
42452,rattus,Rattus
102548,dungeon-fighter,Dungeon Fighter
134253,hostage-negotiator,Hostage Negotiator
165872,liberty-or-death-american-insurrection,Liberty or Death: The American Insurrection
154386,medieval-academy,Medieval Academy
16395,blokus-duo,Blokus Duo
163839,feudum,Feudum
184424,mega-civilization,Mega Civilization
105037,tournay,Tournay
681,quarto,Quarto
181796,prodigals-club,The Prodigals Club
195162,plague-inc-board-game,Plague Inc.: The Board Game
226320,my-little-scythe,My Little Scythe
143405,sylvion,Sylvion
10,elfenland,Elfenland
37919,ascending-empires,Ascending Empires
221318,whistle-stop,Whistle Stop
103,titan,Titan
9203,wings-war-famous-aces,Wings of War: Famous Aces
106,mystery-rummy-jack-ripper,Mystery Rummy: Jack the Ripper
145371,three-kingdoms-redux,Three Kingdoms Redux
43443,castle-panic,Castle Panic
354,sticheln,Sticheln
226522,exit-game-dead-man-orient-express,Exit: The Game – Dead Man on the Orient Express
120523,nothing-personal,Nothing Personal
150145,skull-king,Skull King
205716,new-angeles,New Angeles
229265,wendake,Wendake
160610,thunderbirds,Thunderbirds
159109,xenoshyft-onslaught,XenoShyft: Onslaught
47055,high-frontier,High Frontier
29934,amyitis,Amyitis
21441,mykerinos,Mykerinos
190082,whitehall-mystery,Whitehall Mystery
15,cosmic-encounter,Cosmic Encounter
150312,welcome-dungeon,Welcome to the Dungeon
75165,de-vulgari-eloquentia,De Vulgari Eloquentia
43022,yomi,Yomi
235802,too-many-bones-undertow,Too Many Bones: Undertow
2338,starship-catan,Starship Catan
117985,star-trek-catan,Star Trek: Catan
33604,say-anything,Say Anything
10640,doom-boardgame,Doom: The Boardgame
109125,wallenstein-second-edition,Wallenstein (second edition)
39684,merkator,Merkator
72991,asara,Asara
129051,le-havre-inland-port,Le Havre: The Inland Port
66,lowenherz,Löwenherz
231581,auztralia,AuZtralia
61692,axis-allies-europe-1940,Axis & Allies Europe 1940
96007,new-era,The New Era
1540,battletech,BattleTech
141423,dead-men-tell-no-tales,Dead Men Tell No Tales
219215,werewords,Werewords
16986,ubongo,Ubongo
165986,royals,Royals
20542,advanced-squad-leader-starter-kit-3,Advanced Squad Leader: Starter Kit #3
166226,staufer-dynasty,The Staufer Dynasty
902,meuterer,Meuterer
163642,chimera-station,Chimera Station
878,wyatt-earp,Wyatt Earp
260428,pandemic-fall-rome,Pandemic: Fall of Rome
41916,magic-labyrinth,The Magic Labyrinth
144041,patchistory,Patchistory
163413,murano,Murano
191876,ulm,Ulm
826,cartagena,Cartagena
223750,hardback,Hardback
180899,ponzi-scheme,Ponzi Scheme
127024,room-25,Room 25
142992,gravwell-escape-9th-dimension,Gravwell: Escape from the 9th Dimension
232918,fallout,Fallout
9220,saboteur,Saboteur
195314,herbaceous,Herbaceous
85256,timeline-inventions,Timeline: Inventions
1231,bausack,Bausack
19999,aton,Aton
176229,tides-time,Tides of Time
1897,starfarers-catan,Starfarers of Catan
492,aladdins-dragons,Aladdin's Dragons
1115,poker,Poker
3072,necromunda,Necromunda
179460,stronghold-2nd-edition,Stronghold (2nd edition)
173090,game,The Game
22038,warrior-knights,Warrior Knights
205597,jump-drive,Jump Drive
125548,pixel-tactics,Pixel Tactics
179572,dice-city,Dice City
230085,agra,Agra
156714,doomtown-reloaded,Doomtown: Reloaded
13780,shadow-emperor,In the Shadow of the Emperor
235488,istanbul-dice-game,Istanbul: The Dice Game
196,kremlin,Kremlin
180040,villages-valeria,Villages of Valeria
152,mu-more,Mü & More
122294,ascension-immortal-heroes,Ascension: Immortal Heroes
131111,codex-card-time-strategy-deluxe-set,Codex: Card-Time Strategy – Deluxe Set
63268,spot-it,Spot it!
7480,sword-rome,Sword of Rome
16496,roma,Roma
13884,scepter-zavandor,The Scepter of Zavandor
134453,little-prince-make-me-planet,The Little Prince: Make Me a Planet
175223,valley-kings-afterlife,Valley of the Kings: Afterlife
83195,ghost-blitz,Ghost Blitz
423,1856-railroading-upper-canada-1856,1856: Railroading in Upper Canada from 1856
34194,aquaretto,Aquaretto
167270,medina-second-edition,Medina (second edition)
138649,dc-comics-dice-masters-justice-league,DC Comics Dice Masters: Justice League
123499,city-iron,City of Iron
58936,wars-roses-lancaster-vs-york,Wars of the Roses: Lancaster vs. York
198740,lovecraft-letter,Lovecraft Letter
24417,factory-fun,Factory Fun
2842,transamerica,TransAmerica
82168,escape-aliens-outer-space,Escape from the Aliens in Outer Space
101785,d-day-dice,D-Day Dice
216091,unlock-formula,Unlock! The Formula
139030,mascarade,Mascarade
94362,rune-age,Rune Age
191300,archaeology-new-expedition,Archaeology: The New Expedition
258036,between-two-castles-mad-king-ludwig,Between Two Castles of Mad King Ludwig
149155,dead-mans-draw,Dead Man's Draw
106662,power-grid-first-sparks,Power Grid: The First Sparks
9446,blue-moon,Blue Moon
169794,haspelknecht,Haspelknecht
6411,blokus-3d,Blokus 3D
138431,galaxy-defenders,Galaxy Defenders
26,age-renaissance,Age of Renaissance
19237,cah-n-gun,Ca$h 'n Gun$
22484,ingenious-travel-edition,Ingenious: Travel Edition
394,kahuna,Kahuna
123607,puzzle-strike-third-edition,Puzzle Strike (Third Edition)
181810,kodama-tree-spirits,Kodama: The Tree Spirits
159503,captain-dead,The Captain Is Dead
148943,coup-rebellion-g54,Coup: Rebellion G54
92319,olympos,Olympos
30658,rise-empires,Rise of Empires
38862,giants,Giants
7805,fearsome-floors,Fearsome Floors
160902,dungeons-dragons-dice-masters-battle-faerun,Dungeons & Dragons Dice Masters: Battle for Faerûn
3284,star-wars-epic-duels,Star Wars: Epic Duels
55697,power-struggle,Power Struggle
164949,time-crisis,Time of Crisis
240196,betrayal-legacy,Betrayal Legacy
143986,cv,CV
21550,blokus-trigon,Blokus Trigon
5716,balloon-cup,Balloon Cup
207243,city-kings,The City of Kings
142852,dc-comics-deck-building-game-heroes-unite,DC Comics Deck-Building Game: Heroes Unite
40270,call-cthulhu-card-game,Call of Cthulhu: The Card Game
481,carolus-magnus,Carolus Magnus
24827,traders-osaka,Traders of Osaka
38343,ad-astra,Ad Astra
1403,turn-tide,Turn the Tide
172381,my-village,My Village
194626,happy-salmon,Happy Salmon
226501,dragonfire,Dragonfire
172385,porta-nigra,Porta Nigra
1915,middle-earth,Middle-earth
223855,sentient,Sentient
26457,successors-third-edition,Successors (third edition)
113401,timeline-events,Timeline: Events
229892,container-10th-anniversary-jumbo-edition,Container: 10th Anniversary Jumbo Edition!
173101,council-4,Council of 4
57925,havana,Havana
71836,onirim,Onirim
12761,ys,Ys
